model,run_name,pretrained,learning_rate,weight_decay,batch_size,label_smoothing,best_epoch,epochs_completed,best_val_acc,test_acc,test_loss,summary_path
convnext_tiny,convnext_tiny_pretrained_lr0p0003_wd0p0001_bs32_ls0p1,True,0.0003,0.0001,32,0.1,17,32,0.9666666666666667,0.9466579931696211,1.064162149014832,experiment_results/extended_cnn_grid/convnext_tiny_pretrained_lr0p0003_wd0p0001_bs32_ls0p1/summary.json
convnext_tiny,convnext_tiny_pretrained_lr0p0003_wd1e-05_bs32_ls0p1,True,0.0003,1e-05,32,0.1,17,32,0.9666666666666667,0.9464953651000163,1.0642749678605863,experiment_results/extended_cnn_grid/convnext_tiny_pretrained_lr0p0003_wd1e-05_bs32_ls0p1/summary.json
convnext_tiny,convnext_tiny_pretrained_lr5e-05_wd0p0001_bs32_ls0p1,True,5e-05,0.0001,32,0.1,38,53,0.9666666666666667,0.9417791510814767,1.1699303479228762,experiment_results/extended_cnn_grid/convnext_tiny_pretrained_lr5e-05_wd0p0001_bs32_ls0p1/summary.json
convnext_tiny,convnext_tiny_pretrained_lr5e-05_wd1e-05_bs32_ls0p1,True,5e-05,1e-05,32,0.1,38,53,0.9666666666666667,0.9417791510814767,1.169929409631967,experiment_results/extended_cnn_grid/convnext_tiny_pretrained_lr5e-05_wd1e-05_bs32_ls0p1/summary.json
convnext_tiny,convnext_tiny_pretrained_lr0p0003_wd0p0001_bs32_ls0,True,0.0003,0.0001,32,0.0,18,33,0.9656862745098039,0.9469832493088307,0.22017581488120472,experiment_results/extended_cnn_grid/convnext_tiny_pretrained_lr0p0003_wd0p0001_bs32_ls0/summary.json
convnext_tiny,convnext_tiny_pretrained_lr0p0003_wd1e-05_bs32_ls0,True,0.0003,1e-05,32,0.0,18,33,0.9656862745098039,0.9469832493088307,0.2201799126799346,experiment_results/extended_cnn_grid/convnext_tiny_pretrained_lr0p0003_wd1e-05_bs32_ls0/summary.json
convnext_tiny,convnext_tiny_pretrained_lr0p0001_wd0p0001_bs16_ls0p1,True,0.0001,0.0001,16,0.1,34,49,0.9656862745098039,0.9492600422832981,1.0661190954005355,experiment_results/extended_cnn_grid/convnext_tiny_pretrained_lr0p0001_wd0p0001_bs16_ls0p1/summary.json
convnext_tiny,convnext_tiny_pretrained_lr0p0001_wd0p0001_bs32_ls0p1,True,0.0001,0.0001,32,0.1,27,42,0.9656862745098039,0.948446901935274,1.1255472317461581,experiment_results/extended_cnn_grid/convnext_tiny_pretrained_lr0p0001_wd0p0001_bs32_ls0p1/summary.json
convnext_tiny,convnext_tiny_pretrained_lr0p0001_wd1e-05_bs16_ls0p1,True,0.0001,1e-05,16,0.1,34,49,0.9656862745098039,0.9495852984225077,1.0660701820396334,experiment_results/extended_cnn_grid/convnext_tiny_pretrained_lr0p0001_wd1e-05_bs16_ls0p1/summary.json
convnext_tiny,convnext_tiny_pretrained_lr0p0001_wd1e-05_bs32_ls0p1,True,0.0001,1e-05,32,0.1,27,42,0.9656862745098039,0.948446901935274,1.1255456503474008,experiment_results/extended_cnn_grid/convnext_tiny_pretrained_lr0p0001_wd1e-05_bs32_ls0p1/summary.json
convnext_tiny,convnext_tiny_pretrained_lr5e-05_wd0p0001_bs16_ls0p1,True,5e-05,0.0001,16,0.1,39,54,0.9656862745098039,0.9434054317775248,1.1308202733836885,experiment_results/extended_cnn_grid/convnext_tiny_pretrained_lr5e-05_wd0p0001_bs16_ls0p1/summary.json
convnext_tiny,convnext_tiny_pretrained_lr5e-05_wd1e-05_bs16_ls0p1,True,5e-05,1e-05,16,0.1,39,54,0.9656862745098039,0.9434054317775248,1.130818395202461,experiment_results/extended_cnn_grid/convnext_tiny_pretrained_lr5e-05_wd1e-05_bs16_ls0p1/summary.json
convnext_tiny,convnext_tiny_pretrained_lr0p0001_wd0p0001_bs32_ls0,True,0.0001,0.0001,32,0.0,30,45,0.9647058823529412,0.9448690844039681,0.25701291996690023,experiment_results/extended_cnn_grid/convnext_tiny_pretrained_lr0p0001_wd0p0001_bs32_ls0/summary.json
convnext_tiny,convnext_tiny_pretrained_lr0p0001_wd1e-05_bs32_ls0,True,0.0001,1e-05,32,0.0,30,45,0.9647058823529412,0.9448690844039681,0.25701825338047607,experiment_results/extended_cnn_grid/convnext_tiny_pretrained_lr0p0001_wd1e-05_bs32_ls0/summary.json
convnext_tiny,convnext_tiny_pretrained_lr0p0001_wd0p0001_bs16_ls0,True,0.0001,0.0001,16,0.0,28,43,0.9627450980392157,0.9440559440559441,0.2347998800562538,experiment_results/extended_cnn_grid/convnext_tiny_pretrained_lr0p0001_wd0p0001_bs16_ls0/summary.json
convnext_tiny,convnext_tiny_pretrained_lr0p0003_wd0p0001_bs16_ls0,True,0.0003,0.0001,16,0.0,11,26,0.961764705882353,0.9421044072206863,0.23312877570375118,experiment_results/extended_cnn_grid/convnext_tiny_pretrained_lr0p0003_wd0p0001_bs16_ls0/summary.json
convnext_tiny,convnext_tiny_pretrained_lr0p0003_wd1e-05_bs16_ls0,True,0.0003,1e-05,16,0.0,11,26,0.961764705882353,0.9421044072206863,0.23317228062235873,experiment_results/extended_cnn_grid/convnext_tiny_pretrained_lr0p0003_wd1e-05_bs16_ls0/summary.json
convnext_tiny,convnext_tiny_pretrained_lr0p0001_wd1e-05_bs16_ls0,True,0.0001,1e-05,16,0.0,16,31,0.961764705882353,0.9466579931696211,0.276650506958237,experiment_results/extended_cnn_grid/convnext_tiny_pretrained_lr0p0001_wd1e-05_bs16_ls0/summary.json
convnext_tiny,convnext_tiny_pretrained_lr5e-05_wd0p0001_bs32_ls0,True,5e-05,0.0001,32,0.0,31,46,0.9598039215686275,0.940640754594243,0.33857197537691075,experiment_results/extended_cnn_grid/convnext_tiny_pretrained_lr5e-05_wd0p0001_bs32_ls0/summary.json
convnext_tiny,convnext_tiny_pretrained_lr5e-05_wd1e-05_bs32_ls0,True,5e-05,1e-05,32,0.0,31,46,0.9598039215686275,0.940640754594243,0.33857036690754916,experiment_results/extended_cnn_grid/convnext_tiny_pretrained_lr5e-05_wd1e-05_bs32_ls0/summary.json
convnext_tiny,convnext_tiny_pretrained_lr5e-05_wd0p0001_bs16_ls0,True,5e-05,0.0001,16,0.0,21,36,0.957843137254902,0.9469832493088307,0.32686388303866076,experiment_results/extended_cnn_grid/convnext_tiny_pretrained_lr5e-05_wd0p0001_bs16_ls0/summary.json
convnext_tiny,convnext_tiny_pretrained_lr5e-05_wd1e-05_bs16_ls0,True,5e-05,1e-05,16,0.0,21,36,0.957843137254902,0.9469832493088307,0.3268597431027719,experiment_results/extended_cnn_grid/convnext_tiny_pretrained_lr5e-05_wd1e-05_bs16_ls0/summary.json
convnext_tiny,convnext_tiny_pretrained_lr0p0003_wd0p0001_bs16_ls0p1,True,0.0003,0.0001,16,0.1,17,32,0.9568627450980393,0.9408033826638478,1.030008909895781,experiment_results/extended_cnn_grid/convnext_tiny_pretrained_lr0p0003_wd0p0001_bs16_ls0p1/summary.json
resnet50,resnet50_pretrained_lr0p0003_wd0p0001_bs16_ls0p1,True,0.0003,0.0001,16,0.1,38,53,0.9549019607843138,0.9277931370954626,1.066221928534459,experiment_results/extended_cnn_grid/resnet50_pretrained_lr0p0003_wd0p0001_bs16_ls0p1/summary.json
efficientnet_b0,efficientnet_b0_pretrained_lr0p0003_wd1e-05_bs32_ls0p1,True,0.0003,1e-05,32,0.1,54,69,0.9549019607843138,0.9282810213042771,1.1157033447231348,experiment_results/extended_cnn_grid/efficientnet_b0_pretrained_lr0p0003_wd1e-05_bs32_ls0p1/summary.json
convnext_tiny,convnext_tiny_pretrained_lr0p0003_wd1e-05_bs16_ls0p1,True,0.0003,1e-05,16,0.1,11,26,0.9549019607843138,0.9395023581070092,1.078334590170825,experiment_results/extended_cnn_grid/convnext_tiny_pretrained_lr0p0003_wd1e-05_bs16_ls0p1/summary.json
resnet101,resnet101_pretrained_lr0p0003_wd0p0001_bs32_ls0p1,True,0.0003,0.0001,32,0.1,31,46,0.953921568627451,0.9281183932346723,1.06930567231832,experiment_results/extended_cnn_grid/resnet101_pretrained_lr0p0003_wd0p0001_bs32_ls0p1/summary.json
efficientnet_b0,efficientnet_b0_pretrained_lr0p0003_wd0p0001_bs16_ls0p1,True,0.0003,0.0001,16,0.1,50,65,0.9529411764705882,0.9264921125386242,1.1091763767348517,experiment_results/extended_cnn_grid/efficientnet_b0_pretrained_lr0p0003_wd0p0001_bs16_ls0p1/summary.json
efficientnet_b0,efficientnet_b0_pretrained_lr0p0003_wd0p0001_bs32_ls0p1,True,0.0003,0.0001,32,0.1,54,69,0.9529411764705882,0.9277931370954626,1.1163172059416635,experiment_results/extended_cnn_grid/efficientnet_b0_pretrained_lr0p0003_wd0p0001_bs32_ls0p1/summary.json
efficientnet_b0,efficientnet_b0_pretrained_lr0p0003_wd1e-05_bs16_ls0p1,True,0.0003,1e-05,16,0.1,50,65,0.9529411764705882,0.9273052528866482,1.1078888208115076,experiment_results/extended_cnn_grid/efficientnet_b0_pretrained_lr0p0003_wd1e-05_bs16_ls0p1/summary.json
efficientnet_b3,efficientnet_b3_pretrained_lr0p0003_wd1e-05_bs16_ls0p1,True,0.0003,1e-05,16,0.1,40,55,0.9519607843137254,0.9289315335826964,1.0670145080038775,experiment_results/extended_cnn_grid/efficientnet_b3_pretrained_lr0p0003_wd1e-05_bs16_ls0p1/summary.json
efficientnet_b3,efficientnet_b3_pretrained_lr0p0003_wd1e-05_bs32_ls0p1,True,0.0003,1e-05,32,0.1,44,59,0.9519607843137254,0.9312083265571638,1.0650612393672494,experiment_results/extended_cnn_grid/efficientnet_b3_pretrained_lr0p0003_wd1e-05_bs32_ls0p1/summary.json
efficientnet_b3,efficientnet_b3_pretrained_lr0p0001_wd0p0001_bs16_ls0,True,0.0001,0.0001,16,0.0,44,59,0.9519607843137254,0.9266547406082289,0.2809088917403376,experiment_results/extended_cnn_grid/efficientnet_b3_pretrained_lr0p0001_wd0p0001_bs16_ls0/summary.json
resnet101,resnet101_pretrained_lr0p0003_wd0p0001_bs16_ls0p1,True,0.0003,0.0001,16,0.1,35,50,0.9509803921568627,0.9297446739307205,1.047873588863825,experiment_results/extended_cnn_grid/resnet101_pretrained_lr0p0003_wd0p0001_bs16_ls0p1/summary.json
efficientnet_b3,efficientnet_b3_pretrained_lr0p0003_wd0p0001_bs16_ls0p1,True,0.0003,0.0001,16,0.1,40,55,0.9509803921568627,0.9300699300699301,1.057155966458233,experiment_results/extended_cnn_grid/efficientnet_b3_pretrained_lr0p0003_wd0p0001_bs16_ls0p1/summary.json
resnet50,resnet50_pretrained_lr0p0001_wd0p0001_bs16_ls0p1,True,0.0001,0.0001,16,0.1,18,33,0.95,0.9217758985200846,1.139387109402157,experiment_results/extended_cnn_grid/resnet50_pretrained_lr0p0001_wd0p0001_bs16_ls0p1/summary.json
resnet50,resnet50_pretrained_lr0p0001_wd1e-05_bs16_ls0p1,True,0.0001,1e-05,16,0.1,18,33,0.95,0.9180354529191739,1.148190754722785,experiment_results/extended_cnn_grid/resnet50_pretrained_lr0p0001_wd1e-05_bs16_ls0p1/summary.json
efficientnet_b3,efficientnet_b3_pretrained_lr0p0001_wd1e-05_bs16_ls0p1,True,0.0001,1e-05,16,0.1,38,53,0.95,0.9312083265571638,1.1300240152637093,experiment_results/extended_cnn_grid/efficientnet_b3_pretrained_lr0p0001_wd1e-05_bs16_ls0p1/summary.json
resnet50,resnet50_pretrained_lr5e-05_wd0p0001_bs16_ls0p1,True,5e-05,0.0001,16,0.1,25,40,0.9480392156862745,0.9208001301024556,1.1495950953187661,experiment_results/extended_cnn_grid/resnet50_pretrained_lr5e-05_wd0p0001_bs16_ls0p1/summary.json
resnet101,resnet101_pretrained_lr0p0003_wd1e-05_bs32_ls0p1,True,0.0003,1e-05,32,0.1,31,46,0.9480392156862745,0.9302325581395349,1.0698767946898249,experiment_results/extended_cnn_grid/resnet101_pretrained_lr0p0003_wd1e-05_bs32_ls0p1/summary.json
efficientnet_b3,efficientnet_b3_pretrained_lr0p0001_wd0p0001_bs16_ls0p1,True,0.0001,0.0001,16,0.1,41,56,0.9480392156862745,0.9263294844690193,1.1407490336307569,experiment_results/extended_cnn_grid/efficientnet_b3_pretrained_lr0p0001_wd0p0001_bs16_ls0p1/summary.json
efficientnet_b3,efficientnet_b3_pretrained_lr5e-05_wd0p0001_bs16_ls0p1,True,5e-05,0.0001,16,0.1,44,59,0.9480392156862745,0.916083916083916,1.1863252089302372,experiment_results/extended_cnn_grid/efficientnet_b3_pretrained_lr5e-05_wd0p0001_bs16_ls0p1/summary.json
efficientnet_b0,efficientnet_b0_pretrained_lr5e-05_wd0p0001_bs16_ls0p1,True,5e-05,0.0001,16,0.1,77,92,0.9470588235294117,0.9234021792161327,1.1605391724940566,experiment_results/extended_cnn_grid/efficientnet_b0_pretrained_lr5e-05_wd0p0001_bs16_ls0p1/summary.json
efficientnet_b3,efficientnet_b3_pretrained_lr0p0001_wd1e-05_bs16_ls0,True,0.0001,1e-05,16,0.0,53,68,0.9470588235294117,0.9255163441209953,0.27985482200958073,experiment_results/extended_cnn_grid/efficientnet_b3_pretrained_lr0p0001_wd1e-05_bs16_ls0/summary.json
resnet50,resnet50_pretrained_lr5e-05_wd1e-05_bs32_ls0p1,True,5e-05,1e-05,32,0.1,68,83,0.946078431372549,0.9230769230769231,1.1613467246037146,experiment_results/extended_cnn_grid/resnet50_pretrained_lr5e-05_wd1e-05_bs32_ls0p1/summary.json
resnet101,resnet101_pretrained_lr0p0001_wd1e-05_bs16_ls0,True,0.0001,1e-05,16,0.0,98,113,0.946078431372549,0.9102293055781427,0.35597052367872356,experiment_results/extended_cnn_grid/resnet101_pretrained_lr0p0001_wd1e-05_bs16_ls0/summary.json
efficientnet_b3,efficientnet_b3_pretrained_lr0p0003_wd0p0001_bs32_ls0p1,True,0.0003,0.0001,32,0.1,34,49,0.946078431372549,0.9264921125386242,1.0882805375417746,experiment_results/extended_cnn_grid/efficientnet_b3_pretrained_lr0p0003_wd0p0001_bs32_ls0p1/summary.json
efficientnet_b3,efficientnet_b3_pretrained_lr5e-05_wd1e-05_bs16_ls0p1,True,5e-05,1e-05,16,0.1,44,59,0.946078431372549,0.9172223125711498,1.186164358104607,experiment_results/extended_cnn_grid/efficientnet_b3_pretrained_lr5e-05_wd1e-05_bs16_ls0p1/summary.json
resnet50,resnet50_pretrained_lr0p0001_wd0p0001_bs16_ls0,True,0.0001,0.0001,16,0.0,20,35,0.9450980392156862,0.9175475687103594,0.3013094267713996,experiment_results/extended_cnn_grid/resnet50_pretrained_lr0p0001_wd0p0001_bs16_ls0/summary.json
resnet50,resnet50_pretrained_lr5e-05_wd1e-05_bs16_ls0p1,True,5e-05,1e-05,16,0.1,25,40,0.9450980392156862,0.9221011546592942,1.1477882050560595,experiment_results/extended_cnn_grid/resnet50_pretrained_lr5e-05_wd1e-05_bs16_ls0p1/summary.json
efficientnet_b0,efficientnet_b0_pretrained_lr0p0001_wd0p0001_bs16_ls0p1,True,0.0001,0.0001,16,0.1,41,56,0.9450980392156862,0.9269799967474386,1.1365504020558157,experiment_results/extended_cnn_grid/efficientnet_b0_pretrained_lr0p0001_wd0p0001_bs16_ls0p1/summary.json
efficientnet_b0,efficientnet_b0_pretrained_lr0p0001_wd1e-05_bs16_ls0p1,True,0.0001,1e-05,16,0.1,41,56,0.9450980392156862,0.9269799967474386,1.1364589150620004,experiment_results/extended_cnn_grid/efficientnet_b0_pretrained_lr0p0001_wd1e-05_bs16_ls0p1/summary.json
efficientnet_b3,efficientnet_b3_pretrained_lr5e-05_wd1e-05_bs16_ls0,True,5e-05,1e-05,16,0.0,66,81,0.9450980392156862,0.9250284599121809,0.2905523051488233,experiment_results/extended_cnn_grid/efficientnet_b3_pretrained_lr5e-05_wd1e-05_bs16_ls0/summary.json
resnet50,resnet50_pretrained_lr5e-05_wd0p0001_bs32_ls0p1,True,5e-05,0.0001,32,0.1,69,84,0.9441176470588235,0.9203122458936412,1.152195493037729,experiment_results/extended_cnn_grid/resnet50_pretrained_lr5e-05_wd0p0001_bs32_ls0p1/summary.json
efficientnet_b0,efficientnet_b0_pretrained_lr0p0001_wd0p0001_bs16_ls0,True,0.0001,0.0001,16,0.0,46,61,0.9441176470588235,0.9209627581720605,0.2989372602224854,experiment_results/extended_cnn_grid/efficientnet_b0_pretrained_lr0p0001_wd0p0001_bs16_ls0/summary.json
efficientnet_b0,efficientnet_b0_pretrained_lr0p0001_wd1e-05_bs16_ls0,True,0.0001,1e-05,16,0.0,46,61,0.9441176470588235,0.9208001301024556,0.29894050646220105,experiment_results/extended_cnn_grid/efficientnet_b0_pretrained_lr0p0001_wd1e-05_bs16_ls0/summary.json
resnet50,resnet50_pretrained_lr0p0001_wd0p0001_bs32_ls0p1,True,0.0001,0.0001,32,0.1,43,58,0.9431372549019608,0.9299073020003252,1.1240499086797984,experiment_results/extended_cnn_grid/resnet50_pretrained_lr0p0001_wd0p0001_bs32_ls0p1/summary.json
efficientnet_b0,efficientnet_b0_pretrained_lr0p0001_wd0p0001_bs32_ls0p1,True,0.0001,0.0001,32,0.1,61,76,0.9431372549019608,0.9191738494064076,1.17641079231944,experiment_results/extended_cnn_grid/efficientnet_b0_pretrained_lr0p0001_wd0p0001_bs32_ls0p1/summary.json
efficientnet_b0,efficientnet_b0_pretrained_lr0p0001_wd1e-05_bs32_ls0p1,True,0.0001,1e-05,32,0.1,61,76,0.9431372549019608,0.9191738494064076,1.1763473655328767,experiment_results/extended_cnn_grid/efficientnet_b0_pretrained_lr0p0001_wd1e-05_bs32_ls0p1/summary.json
efficientnet_b3,efficientnet_b3_pretrained_lr5e-05_wd0p0001_bs32_ls0p1,True,5e-05,0.0001,32,0.1,98,113,0.9431372549019608,0.9186859651975932,1.1638087078524249,experiment_results/extended_cnn_grid/efficientnet_b3_pretrained_lr5e-05_wd0p0001_bs32_ls0p1/summary.json
efficientnet_b3,efficientnet_b3_pretrained_lr5e-05_wd1e-05_bs32_ls0p1,True,5e-05,1e-05,32,0.1,98,113,0.9431372549019608,0.9190112213368027,1.1630075920459837,experiment_results/extended_cnn_grid/efficientnet_b3_pretrained_lr5e-05_wd1e-05_bs32_ls0p1/summary.json
resnet101,resnet101_pretrained_lr0p0001_wd1e-05_bs32_ls0p1,True,0.0001,1e-05,32,0.1,49,64,0.942156862745098,0.9157586599447065,1.1399891930763306,experiment_results/extended_cnn_grid/resnet101_pretrained_lr0p0001_wd1e-05_bs32_ls0p1/summary.json
efficientnet_b3,efficientnet_b3_pretrained_lr0p0001_wd0p0001_bs32_ls0,True,0.0001,0.0001,32,0.0,87,102,0.942156862745098,0.917872824849569,0.2932312625149381,experiment_results/extended_cnn_grid/efficientnet_b3_pretrained_lr0p0001_wd0p0001_bs32_ls0/summary.json
efficientnet_b3,efficientnet_b3_pretrained_lr0p0003_wd0p0001_bs32_ls0,True,0.0003,0.0001,32,0.0,30,45,0.9411764705882353,0.9208001301024556,0.28792831567818095,experiment_results/extended_cnn_grid/efficientnet_b3_pretrained_lr0p0003_wd0p0001_bs32_ls0/summary.json
efficientnet_b0,efficientnet_b0_pretrained_lr5e-05_wd1e-05_bs16_ls0p1,True,5e-05,1e-05,16,0.1,47,62,0.9401960784313725,0.9149455195966824,1.1911415594693102,experiment_results/extended_cnn_grid/efficientnet_b0_pretrained_lr5e-05_wd1e-05_bs16_ls0p1/summary.json
efficientnet_b3,efficientnet_b3_pretrained_lr0p0003_wd0p0001_bs16_ls0,True,0.0003,0.0001,16,0.0,15,30,0.9401960784313725,0.9167344283623353,0.3049975865311372,experiment_results/extended_cnn_grid/efficientnet_b3_pretrained_lr0p0003_wd0p0001_bs16_ls0/summary.json
efficientnet_b3,efficientnet_b3_pretrained_lr0p0003_wd1e-05_bs32_ls0,True,0.0003,1e-05,32,0.0,35,50,0.9401960784313725,0.9191738494064076,0.3008665451795865,experiment_results/extended_cnn_grid/efficientnet_b3_pretrained_lr0p0003_wd1e-05_bs32_ls0/summary.json
resnet101,resnet101_pretrained_lr0p0003_wd1e-05_bs16_ls0p1,True,0.0003,1e-05,16,0.1,20,35,0.9392156862745098,0.9090909090909091,1.1251987407684017,experiment_results/extended_cnn_grid/resnet101_pretrained_lr0p0003_wd1e-05_bs16_ls0p1/summary.json
efficientnet_b0,efficientnet_b0_pretrained_lr0p0003_wd0p0001_bs32_ls0,True,0.0003,0.0001,32,0.0,39,54,0.9392156862745098,0.9172223125711498,0.3190191337965389,experiment_results/extended_cnn_grid/efficientnet_b0_pretrained_lr0p0003_wd0p0001_bs32_ls0/summary.json
efficientnet_b0,efficientnet_b0_pretrained_lr0p0003_wd1e-05_bs32_ls0,True,0.0003,1e-05,32,0.0,39,54,0.9392156862745098,0.9157586599447065,0.324777019339203,experiment_results/extended_cnn_grid/efficientnet_b0_pretrained_lr0p0003_wd1e-05_bs32_ls0/summary.json
resnet50,resnet50_pretrained_lr0p0001_wd1e-05_bs32_ls0p1,True,0.0001,1e-05,32,0.1,30,45,0.9382352941176471,0.9217758985200846,1.1529281434052785,experiment_results/extended_cnn_grid/resnet50_pretrained_lr0p0001_wd1e-05_bs32_ls0p1/summary.json
efficientnet_b0,efficientnet_b0_pretrained_lr0p0003_wd0p0001_bs16_ls0,True,0.0003,0.0001,16,0.0,15,30,0.9382352941176471,0.910879817856562,0.33972263002305,experiment_results/extended_cnn_grid/efficientnet_b0_pretrained_lr0p0003_wd0p0001_bs16_ls0/summary.json
efficientnet_b0,efficientnet_b0_pretrained_lr0p0003_wd1e-05_bs16_ls0,True,0.0003,1e-05,16,0.0,15,30,0.9382352941176471,0.9107171897869573,0.3395783225134085,experiment_results/extended_cnn_grid/efficientnet_b0_pretrained_lr0p0003_wd1e-05_bs16_ls0/summary.json
efficientnet_b0,efficientnet_b0_pretrained_lr5e-05_wd0p0001_bs16_ls0,True,5e-05,0.0001,16,0.0,48,63,0.9382352941176471,0.9164091722231257,0.34229897691827804,experiment_results/extended_cnn_grid/efficientnet_b0_pretrained_lr5e-05_wd0p0001_bs16_ls0/summary.json
efficientnet_b0,efficientnet_b0_pretrained_lr5e-05_wd1e-05_bs16_ls0,True,5e-05,1e-05,16,0.0,48,63,0.9382352941176471,0.9162465441535209,0.3423444363625578,experiment_results/extended_cnn_grid/efficientnet_b0_pretrained_lr5e-05_wd1e-05_bs16_ls0/summary.json
efficientnet_b3,efficientnet_b3_pretrained_lr0p0001_wd1e-05_bs32_ls0,True,0.0001,1e-05,32,0.0,61,76,0.9382352941176471,0.9149455195966824,0.3135479178296602,experiment_results/extended_cnn_grid/efficientnet_b3_pretrained_lr0p0001_wd1e-05_bs32_ls0/summary.json
efficientnet_b3,efficientnet_b3_pretrained_lr5e-05_wd0p0001_bs16_ls0,True,5e-05,0.0001,16,0.0,44,59,0.9382352941176471,0.9155960318751016,0.35429063768580904,experiment_results/extended_cnn_grid/efficientnet_b3_pretrained_lr5e-05_wd0p0001_bs16_ls0/summary.json
resnet50,resnet50_pretrained_lr0p0003_wd0p0001_bs32_ls0p1,True,0.0003,0.0001,32,0.1,19,34,0.9372549019607843,0.9185233371279883,1.1302877565984282,experiment_results/extended_cnn_grid/resnet50_pretrained_lr0p0003_wd0p0001_bs32_ls0p1/summary.json
efficientnet_b3,efficientnet_b3_pretrained_lr0p0001_wd0p0001_bs32_ls0p1,True,0.0001,0.0001,32,0.1,44,59,0.9372549019607843,0.9172223125711498,1.1578721721824892,experiment_results/extended_cnn_grid/efficientnet_b3_pretrained_lr0p0001_wd0p0001_bs32_ls0p1/summary.json
efficientnet_b3,efficientnet_b3_pretrained_lr0p0001_wd1e-05_bs32_ls0p1,True,0.0001,1e-05,32,0.1,34,49,0.9372549019607843,0.912668726622215,1.1715807798607094,experiment_results/extended_cnn_grid/efficientnet_b3_pretrained_lr0p0001_wd1e-05_bs32_ls0p1/summary.json
resnet50,resnet50_pretrained_lr0p0003_wd1e-05_bs32_ls0p1,True,0.0003,1e-05,32,0.1,19,34,0.9362745098039216,0.9110424459261669,1.1432313471329776,experiment_results/extended_cnn_grid/resnet50_pretrained_lr0p0003_wd1e-05_bs32_ls0p1/summary.json
efficientnet_b3,efficientnet_b3_pretrained_lr0p0003_wd1e-05_bs16_ls0,True,0.0003,1e-05,16,0.0,18,33,0.9362745098039216,0.9165718002927306,0.3231573714836063,experiment_results/extended_cnn_grid/efficientnet_b3_pretrained_lr0p0003_wd1e-05_bs16_ls0/summary.json
resnet101,resnet101_pretrained_lr0p0001_wd0p0001_bs16_ls0p1,True,0.0001,0.0001,16,0.1,25,40,0.9352941176470588,0.915270775735892,1.122969723955599,experiment_results/extended_cnn_grid/resnet101_pretrained_lr0p0001_wd0p0001_bs16_ls0p1/summary.json
resnet101,resnet101_pretrained_lr0p0001_wd0p0001_bs32_ls0p1,True,0.0001,0.0001,32,0.1,30,45,0.9343137254901961,0.9183607090583835,1.1554140288920145,experiment_results/extended_cnn_grid/resnet101_pretrained_lr0p0001_wd0p0001_bs32_ls0p1/summary.json
resnet101,resnet101_pretrained_lr0p0001_wd1e-05_bs16_ls0p1,True,0.0001,1e-05,16,0.1,21,36,0.9343137254901961,0.9183607090583835,1.1261502038872249,experiment_results/extended_cnn_grid/resnet101_pretrained_lr0p0001_wd1e-05_bs16_ls0p1/summary.json
resnet50,resnet50_pretrained_lr0p0003_wd1e-05_bs16_ls0,True,0.0003,1e-05,16,0.0,47,62,0.9333333333333333,0.8938038705480565,0.4918003739119607,experiment_results/extended_cnn_grid/resnet50_pretrained_lr0p0003_wd1e-05_bs16_ls0/summary.json
resnet101,resnet101_pretrained_lr0p0001_wd0p0001_bs16_ls0,True,0.0001,0.0001,16,0.0,22,37,0.9333333333333333,0.9097414213693283,0.35447660367934947,experiment_results/extended_cnn_grid/resnet101_pretrained_lr0p0001_wd0p0001_bs16_ls0/summary.json
resnet101,resnet101_pretrained_lr5e-05_wd0p0001_bs32_ls0p1,True,5e-05,0.0001,32,0.1,53,68,0.9333333333333333,0.9128313546918199,1.1917607282832263,experiment_results/extended_cnn_grid/resnet101_pretrained_lr5e-05_wd0p0001_bs32_ls0p1/summary.json
resnet101,resnet101_pretrained_lr5e-05_wd1e-05_bs16_ls0p1,True,5e-05,1e-05,16,0.1,22,37,0.9333333333333333,0.9115303301349813,1.1805509977620643,experiment_results/extended_cnn_grid/resnet101_pretrained_lr5e-05_wd1e-05_bs16_ls0p1/summary.json
resnet50,resnet50_pretrained_lr0p0001_wd1e-05_bs16_ls0,True,0.0001,1e-05,16,0.0,20,35,0.9323529411764706,0.9050252073507887,0.35395145988680854,experiment_results/extended_cnn_grid/resnet50_pretrained_lr0p0001_wd1e-05_bs16_ls0/summary.json
resnet50,resnet50_pretrained_lr5e-05_wd1e-05_bs16_ls0,True,5e-05,1e-05,16,0.0,25,40,0.9323529411764706,0.9131566108310294,0.33314268338751635,experiment_results/extended_cnn_grid/resnet50_pretrained_lr5e-05_wd1e-05_bs16_ls0/summary.json
resnet101,resnet101_pretrained_lr5e-05_wd0p0001_bs16_ls0p1,True,5e-05,0.0001,16,0.1,25,40,0.9323529411764706,0.913481866970239,1.173577026800133,experiment_results/extended_cnn_grid/resnet101_pretrained_lr5e-05_wd0p0001_bs16_ls0p1/summary.json
efficientnet_b0,efficientnet_b0_pretrained_lr5e-05_wd0p0001_bs32_ls0p1,True,5e-05,0.0001,32,0.1,61,76,0.9313725490196079,0.910879817856562,1.2166221187180244,experiment_results/extended_cnn_grid/efficientnet_b0_pretrained_lr5e-05_wd0p0001_bs32_ls0p1/summary.json
efficientnet_b0,efficientnet_b0_pretrained_lr5e-05_wd1e-05_bs32_ls0p1,True,5e-05,1e-05,32,0.1,61,76,0.9313725490196079,0.910879817856562,1.2165992778575523,experiment_results/extended_cnn_grid/efficientnet_b0_pretrained_lr5e-05_wd1e-05_bs32_ls0p1/summary.json
efficientnet_b3,efficientnet_b3_pretrained_lr5e-05_wd1e-05_bs32_ls0,True,5e-05,1e-05,32,0.0,80,95,0.9313725490196079,0.913481866970239,0.33809437522666785,experiment_results/extended_cnn_grid/efficientnet_b3_pretrained_lr5e-05_wd1e-05_bs32_ls0/summary.json
resnet50,resnet50_pretrained_lr5e-05_wd0p0001_bs16_ls0,True,5e-05,0.0001,16,0.0,25,40,0.9303921568627451,0.9138071231094487,0.3287991261177715,experiment_results/extended_cnn_grid/resnet50_pretrained_lr5e-05_wd0p0001_bs16_ls0/summary.json
resnet50,resnet50_pretrained_lr5e-05_wd0p0001_bs32_ls0,True,5e-05,0.0001,32,0.0,62,77,0.9303921568627451,0.9069767441860465,0.35382658765774117,experiment_results/extended_cnn_grid/resnet50_pretrained_lr5e-05_wd0p0001_bs32_ls0/summary.json
resnet50,resnet50_pretrained_lr0p0003_wd1e-05_bs16_ls0p1,True,0.0003,1e-05,16,0.1,7,22,0.9294117647058824,0.9097414213693283,1.151176248901083,experiment_results/extended_cnn_grid/resnet50_pretrained_lr0p0003_wd1e-05_bs16_ls0p1/summary.json
efficientnet_b0,efficientnet_b0_pretrained_lr0p0001_wd0p0001_bs32_ls0,True,0.0001,0.0001,32,0.0,40,55,0.9294117647058824,0.9133192389006343,0.34205119848338583,experiment_results/extended_cnn_grid/efficientnet_b0_pretrained_lr0p0001_wd0p0001_bs32_ls0/summary.json
efficientnet_b0,efficientnet_b0_pretrained_lr0p0001_wd1e-05_bs32_ls0,True,0.0001,1e-05,32,0.0,40,55,0.9294117647058824,0.9133192389006343,0.34201106645868434,experiment_results/extended_cnn_grid/efficientnet_b0_pretrained_lr0p0001_wd1e-05_bs32_ls0/summary.json
resnet101,resnet101_pretrained_lr5e-05_wd1e-05_bs32_ls0p1,True,5e-05,1e-05,32,0.1,30,45,0.9274509803921569,0.9027484143763214,1.2249233231813583,experiment_results/extended_cnn_grid/resnet101_pretrained_lr5e-05_wd1e-05_bs32_ls0p1/summary.json
resnet50,resnet50_pretrained_lr5e-05_wd1e-05_bs32_ls0,True,5e-05,1e-05,32,0.0,37,52,0.9264705882352942,0.9032362985851358,0.3776699929840585,experiment_results/extended_cnn_grid/resnet50_pretrained_lr5e-05_wd1e-05_bs32_ls0/summary.json
efficientnet_b3,efficientnet_b3_pretrained_lr5e-05_wd0p0001_bs32_ls0,True,5e-05,0.0001,32,0.0,41,56,0.9264705882352942,0.903073670515531,0.4560414845235058,experiment_results/extended_cnn_grid/efficientnet_b3_pretrained_lr5e-05_wd0p0001_bs32_ls0/summary.json
resnet101,resnet101_pretrained_lr5e-05_wd0p0001_bs16_ls0,True,5e-05,0.0001,16,0.0,35,50,0.9254901960784314,0.908277768742885,0.35567711506978406,experiment_results/extended_cnn_grid/resnet101_pretrained_lr5e-05_wd0p0001_bs16_ls0/summary.json
resnet101,resnet101_pretrained_lr5e-05_wd1e-05_bs16_ls0,True,5e-05,1e-05,16,0.0,34,49,0.9254901960784314,0.9029110424459261,0.3801524458064718,experiment_results/extended_cnn_grid/resnet101_pretrained_lr5e-05_wd1e-05_bs16_ls0/summary.json
resnet50,resnet50_pretrained_lr0p0003_wd0p0001_bs16_ls0,True,0.0003,0.0001,16,0.0,19,34,0.9245098039215687,0.8804683688404619,0.4993190860113236,experiment_results/extended_cnn_grid/resnet50_pretrained_lr0p0003_wd0p0001_bs16_ls0/summary.json
resnet50,resnet50_pretrained_lr0p0003_wd0p0001_bs32_ls0,True,0.0003,0.0001,32,0.0,7,22,0.9225490196078432,0.8877866319726785,0.40871269450198683,experiment_results/extended_cnn_grid/resnet50_pretrained_lr0p0003_wd0p0001_bs32_ls0/summary.json
resnet50,resnet50_pretrained_lr0p0001_wd0p0001_bs32_ls0,True,0.0001,0.0001,32,0.0,20,35,0.9215686274509803,0.9043746950723694,0.3626904946837164,experiment_results/extended_cnn_grid/resnet50_pretrained_lr0p0001_wd0p0001_bs32_ls0/summary.json
resnet50,resnet50_pretrained_lr0p0001_wd1e-05_bs32_ls0,True,0.0001,1e-05,32,0.0,20,35,0.9215686274509803,0.9043746950723694,0.36854389883156163,experiment_results/extended_cnn_grid/resnet50_pretrained_lr0p0001_wd1e-05_bs32_ls0/summary.json
resnet101,resnet101_pretrained_lr0p0001_wd0p0001_bs32_ls0,True,0.0001,0.0001,32,0.0,20,35,0.9215686274509803,0.8988453407058058,0.3806314567063997,experiment_results/extended_cnn_grid/resnet101_pretrained_lr0p0001_wd0p0001_bs32_ls0/summary.json
efficientnet_b0,efficientnet_b0_pretrained_lr5e-05_wd0p0001_bs32_ls0,True,5e-05,0.0001,32,0.0,36,51,0.9205882352941176,0.8993332249146203,0.5076913192158192,experiment_results/extended_cnn_grid/efficientnet_b0_pretrained_lr5e-05_wd0p0001_bs32_ls0/summary.json
efficientnet_b0,efficientnet_b0_pretrained_lr5e-05_wd1e-05_bs32_ls0,True,5e-05,1e-05,32,0.0,36,51,0.9205882352941176,0.8993332249146203,0.507650786138081,experiment_results/extended_cnn_grid/efficientnet_b0_pretrained_lr5e-05_wd1e-05_bs32_ls0/summary.json
resnet101,resnet101_pretrained_lr0p0001_wd1e-05_bs32_ls0,True,0.0001,1e-05,32,0.0,13,28,0.9186274509803921,0.8939664986176614,0.4125301361356308,experiment_results/extended_cnn_grid/resnet101_pretrained_lr0p0001_wd1e-05_bs32_ls0/summary.json
resnet101,resnet101_pretrained_lr0p0003_wd1e-05_bs32_ls0,True,0.0003,1e-05,32,0.0,10,25,0.9147058823529411,0.8983574564969914,0.38279656590242966,experiment_results/extended_cnn_grid/resnet101_pretrained_lr0p0003_wd1e-05_bs32_ls0/summary.json
resnet101,resnet101_pretrained_lr5e-05_wd0p0001_bs32_ls0,True,5e-05,0.0001,32,0.0,32,47,0.9127450980392157,0.8936412424784518,0.40771871132227555,experiment_results/extended_cnn_grid/resnet101_pretrained_lr5e-05_wd0p0001_bs32_ls0/summary.json
resnet101,resnet101_pretrained_lr5e-05_wd1e-05_bs32_ls0,True,5e-05,1e-05,32,0.0,20,35,0.9127450980392157,0.8868108635550496,0.43925037419317137,experiment_results/extended_cnn_grid/resnet101_pretrained_lr5e-05_wd1e-05_bs32_ls0/summary.json
resnet50,resnet50_pretrained_lr0p0003_wd1e-05_bs32_ls0,True,0.0003,1e-05,32,0.0,6,21,0.9098039215686274,0.8773784355179705,0.4796852192558696,experiment_results/extended_cnn_grid/resnet50_pretrained_lr0p0003_wd1e-05_bs32_ls0/summary.json
resnet101,resnet101_pretrained_lr0p0003_wd1e-05_bs16_ls0,True,0.0003,1e-05,16,0.0,16,31,0.9058823529411765,0.8760774109611319,0.49419259320119135,experiment_results/extended_cnn_grid/resnet101_pretrained_lr0p0003_wd1e-05_bs16_ls0/summary.json
resnet101,resnet101_pretrained_lr0p0003_wd0p0001_bs16_ls0,True,0.0003,0.0001,16,0.0,9,24,0.9009803921568628,0.8554236461213205,0.5442649021152977,experiment_results/extended_cnn_grid/resnet101_pretrained_lr0p0003_wd0p0001_bs16_ls0/summary.json
resnet101,resnet101_pretrained_lr0p0003_wd0p0001_bs32_ls0,True,0.0003,0.0001,32,0.0,5,20,0.9009803921568628,0.8754268986827126,0.46074997458245276,experiment_results/extended_cnn_grid/resnet101_pretrained_lr0p0003_wd0p0001_bs32_ls0/summary.json
